{
  "id": "adventurers-quest-log",
  "title": "Adventurer's Quest Log",
  "description": "Provides comprehensive Quest Log system for players and Game Masters",
  "authors": [
    {
      "name": "Shr1mps",
      "url": "https://github.com/Shr1mps"
    }
  ],
  "esmodules": [
    "src/init.js"
  ],
  "languages": [
    {
      "lang": "cn",
      "name": "中文（简体",
      "path": "lang/cn.json"
    },
    {
      "lang": "de",
      "name": "Deutsch",
      "path": "lang/de.json"
    },
    {
      "lang": "en",
      "name": "English",
      "path": "lang/en.json"
    },
    {
      "lang": "es",
      "name": "Español",
      "path": "lang/es.json"
    },
    {
      "lang": "fi-Fl",
      "name": "Finnish",
      "path": "lang/fi-FI.json"
    },
    {
      "lang": "fr",
      "name": "Français",
      "path": "lang/fr.json"
    },
    {
      "lang": "it",
      "name": "Italiano",
      "path": "lang/it.json"
    },
    {
      "lang": "ja",
      "name": "日本語",
      "path": "lang/ja.json"
    },
    {
      "lang": "ko",
      "name": "한국어",
      "path": "lang/ko.json"
    },
    {
      "lang": "nl",
      "name": "Nederlands",
      "path": "lang/nl.json"
    },
    {
      "lang": "pl",
      "name": "Polski",
      "path": "lang/pl.json"
    },
    {
      "lang": "pt-BR",
      "name": "Português (Brasil)",
      "path": "lang/pt-BR.json"
    },
    {
      "lang": "ru",
      "name": "Russian",
      "path": "lang/ru.json"
    },
    {
      "lang": "sv",
      "name": "Svenska",
      "path": "lang/sv.json"
    },
    {
      "lang": "zh-tw",
      "name": "正體中文",
      "path": "lang/zh-tw.json"
    }
  ],
  "packs": [
    {
      "name": "macros-gm",
      "label": "AQL Macros (GM)",
      "module": "adventurers-quest-log",
      "path": "./packs/macro-gm.db",
      "type": "Macro",
      "ownership": {
        "PLAYER": "NONE",
        "ASSISTANT": "OWNER"
      }
    },
    {
      "name": "macros-player",
      "label": "AQL Macros (Player)",
      "module": "adventurers-quest-log",
      "path": "./packs/macro-player.db",
      "type": "Macro"
    }
  ],
  "socket": true,
  "manifest": "https://github.com/Shr1mps/adventurers-quest-log/releases/latest/download/module.json",
  "download": "https://github.com/Shr1mps/adventurers-quest-log/releases/download/latest/module.zip",
  "protected": false,
  "coreTranslation": false,
  "library": false
}